ID,Local_ID,Language_ID,Parameter_ID,Value,Form,Segments,Comment,Source,Cognacy,Loan
1,,Achagua,all,kinínama,kinínama,k i n i n a m a,,melendez_lozano_diccionario_2011,,
2,,Baniwa,all,phálhai,phálhai,ph á lh a i,,ramirez_dicionario_2001,,
3,,Kabiyari,all,put'i,put'i,p u t 'i,,,,
4,,Piapoco,all,canánama,canánama,k a n á n a m a,,,,
5,,Piapoco,all,macáita,macáita,m a k á i t a,,,,
6,,Resigaro,all,phé?tó?,phé?tó?,ph é ʔ t ó ʔ,,huber_vocabulario_1991,,
7,,Yukuna,all,piyukeja,piyukeja,p i j u k e h a,,,,
8,,Achagua,ash,báali,báali,b a: l i,,melendez_lozano_diccionario_2011,,
9,,Baniwa,ash,-wádzole,-wádzole,w á dz o l e,,ramirez_dicionario_2001,,
10,,Kabiyari,ash,pa'ari,pa'ari,p a ʔ a r i,,ramirez_dicionario_2001,,
11,,Piapoco,ash,balìi,balìi,b a l ì i,,,,
12,,Piapoco,ash,ibalìiná,ibalìiná,i b a l ì i n á,,,,
13,,Resigaro,ash,ókóniigiJíhú,ókóniigiJíhú,ó k ó n ii g i J í h ú,,,,
14,,Yukuna,ash,pai'ilá,pai'ilá,p a i ʔ i l á,,,,
15,,Achagua,bark,íimanaʃi,íimanaʃi,i: m a n a ʃ i,,melendez_lozano_diccionario_2011,,
16,,Baniwa,bark,-ya,-ya,y a,,ramirez_dicionario_2001,,
17,,Resigaro,bark,da?mí,da?mí,d a ʔ m í,,,,
18,,Yukuna,bark,ímaji,ímaji,í m a h i,,,,
19,,Achagua,belly,jawaiʃi,jawaiʃi,j a w a i ʃ i,,melendez_lozano_diccionario_2011,,
20,,Baniwa,belly,-xáda,-xáda,ʃ á d a,,ramirez_dicionario_2001,,
21,,Kabiyari,belly,te[re],te[re],t e r e,,,,
22,,Piapoco,belly,dèe,dèe,d è e,,,,
23,,Resigaro,belly,-ii?šáú,-ii?šáú,ii ʔ š á ú,,allin_vocabulario_1979,,
24,,Yukuna,belly,julaji,julaji,h u l a h i,,,,
25,,Achagua,big,máanuii,máanuii,m aa n u ii,,melendez_lozano_diccionario_2011,,
26,,Baniwa,big,maka-,maka-,m a k a,,ramirez_dicionario_2001,,
27,,Kabiyari,big,manuʔú,manuʔú,m a n u ʔ ú,,,,
28,,Piapoco,big,manuíri,manuíri,m a n u í ɾ i,,,,
29,,Resigaro,big,ǰiǰá?aamí,ǰiǰá?aamí,dʒ i dʒ á ʔ aa m í,,allin_vocabulario_1979,,
30,,Yukuna,big,ñópo'ojlo,ñópo'ojlo,ɲ ó p o ʔ o h l o,,,,
31,,Achagua,bird,míʃidu,míʃidu,m í ʃ i d u,,melendez_lozano_diccionario_2011,,
32,,Baniwa,bird,képira,képira,k é p i r a,,ramirez_dicionario_2001,,
33,,Kabiyari,bird,ʔupira,ʔupira,ʔ u p i r a,,ramirez_dicionario_2001,,
34,,Kabiyari,bird,ku(' )pira,ku(' )pira,k u ʔ p i r a,,ramirez_dicionario_2001,,
35,,Piapoco,bird,màsibèe,màsibèe,m à s i b è e,,,,
36,,Piapoco,bird,kuìpìra,kuìpìra,k u ì p ì r a,,huber_vocabulario_1991,,
37,,Resigaro,bird,kóʔpíidú,kóʔpíidú,k ó ʔ p í i d ú,,,,
38,,Resigaro,bird,adovíigí,adovíigí,a d o v í i g í,,,,
39,,Yukuna,bird,kupira'aphá,kupira'aphá,k u p i r a ʔ a pʰ á,,,,
40,,Achagua,bite,-ámua,-ámua,á m u a,,ramirez_dicionario_2001,,
41,,Baniwa,bite,-mhoa,-mhoa,mh o a,,ramirez_dicionario_2001,,
42,,Kabiyari,bite,amhe,amhe,a mh e,,ramirez_dicionario_2001,,
43,,Piapoco,bite,ichicúadaca,ichicúadaca,i tʃ i k ú a d a k a,,,,
44,,Piapoco,bite,imasáaca,imasáaca,i m a s á a k a,,,,
45,,Piapoco,bite,nuamíadaca,nuamíadaca,n u a m í a d a k a,,,,
46,,Piapoco,bite,yaamíaca,yaamíaca,j aa m í a k a,,,,
47,,Piapoco,bite,yúucaca,yúucaca,j ú u k a k a,,,,
48,,Resigaro,bite,-emú,-emú,e m ú,,allin_vocabulario_1979,,
49,,Yukuna,bite,ajma'akaje,ajma'akaje,a h m a ʔ a k a h e,,,,
50,,Achagua,black,katʃáhulailau,katʃáhulailau,k a tʃ a h u l a i l a u,,melendez_lozano_diccionario_2011,,
51,,Baniwa,black,íitta,íitta,í i tt a,,ramirez_dicionario_2001,,
52,,Kabiyari,black,kewere-ri,kewere-ri,k e w e r e r i,,,,
53,,Piapoco,black,cúulíiri,cúulíiri,k ú: l í: ɾ i,,,,
54,,Resigaro,black,tsaphó?,tsaphó?,ts a ph ó ʔ,,allin_vocabulario_1979,,
55,,Yukuna,black,kameni,kameni,k a m e n i,,schauer_diccionario_2005,,
56,,Achagua,blood,íirai,íirai,ii r a i,,melendez_lozano_diccionario_2011,,
57,,Baniwa,blood,-iiranaa,-iiranaa,ii r a n aa,,ramirez_dicionario_2001,,
58,,Kabiyari,blood,íʔira,íʔira,í ʔ i r a,,,,
59,,Piapoco,blood,irái,irái,i ɾ á i,,,,
60,,Resigaro,blood,-iidú,-iidú,ii d ú,,allin_vocabulario_1979,,
61,,Yukuna,blood,íraji,íraji,í ɾ a h i,,,,
62,,Yukuna,blood,jirá,jirá,h i ɾ á,,,,
63,,Achagua,bone,jáhiʃi,jáhiʃi,j a h i ʃ i,,melendez_lozano_diccionario_2011,,
64,,Baniwa,bone,-áapi,-áapi,á a p i,,ramirez_dicionario_2001,,
65,,Kabiyari,bone,japi,japi,j a p i,,,,
66,,Piapoco,bone,api,api,a p i,,,,
67,,Resigaro,bone,aápí,aápí,a á p í,,,,
68,,Yukuna,bone,aphinámiji,aphinámiji,a pʰ i n á m i h i,,,,
69,,Baniwa,breast1,-íini,-íini,í i n i,,ramirez_dicionario_2001,,
70,,Piapoco,breast1,ìni,ìni,ì n i,,,,
71,,Achagua,breast2,kútaʃi,kútaʃi,k u t a ʃ i,,melendez_lozano_diccionario_2011,,
72,,Kabiyari,breast2,ji,ji,j i,,,,
73,,Kabiyari,breast2,ukhu(ta),ukhu(ta),u kh u ( t a ),,,,
74,,Piapoco,breast2,ucuta,ucuta,u k u t a,,,,
75,,Resigaro,breast2,ó?kótáapígú,ó?kótáapígú,ó ʔ k ó t á a p í g ú,,,,
76,,Yukuna,breast2,chu'uchú,chu'uchú,tʃ u ʔ u tʃ ú,,,,
77,,Baniwa,burn1,-haaka,-haaka,h aa k a,,ramirez_dicionario_2001,,
78,,Yukuna,burn1,kára'akaje,kára'akaje,k á r a ʔ a k a h e,,,,
79,,Achagua,burn2,éemairi,éemairi,e: m a i r i,,melendez_lozano_diccionario_2011,,
80,,Baniwa,burn2,-ma,-ma,m a,,ramirez_dicionario_2001,,
81,,Kabiyari,burn2,kahema,kahema,k a h e m a,,ramirez_dicionario_2001,,
82,,Kabiyari,burn2,heema,heema,h ee m a,,ramirez_dicionario_2001,,
83,,Piapoco,burn2,emáca,emáca,e m á k a,,,,
84,,Resigaro,burn2,hoo-khú,hoo-khú,h oo kʰ ú,,,,
85,,Warekena,burn2,méniketa,méniketa,m é n i k e t a,,ramirez_dicionario_2001,,
86,,Achagua,claw,júbawiaʃi,júbawiaʃi,j u b a w i a ʃ i,,melendez_lozano_diccionario_2011,,
87,,Baniwa,claw,-tsóta,-tsóta,ts ó t a,,ramirez_dicionario_2001,,
88,,Kabiyari,claw,u'upa,u'upa,u ʔ u p a,,,,
89,,Piapoco,claw,yúuba,yúuba,y ú u b a,,,,
90,,Piapoco,claw,uba,uba,u b a,,,,
91,,Resigaro,claw,hi?táví,hi?táví,h i ʔ t á v í,,,,
92,,Yukuna,claw,u'upa,u'upa,u ʔ u p a,,,,
93,,Achagua,cloud,sáanai,sáanai,s aa n a i,,melendez_lozano_diccionario_2011,,
94,,Baniwa,cloud,eenótona,eenótona,ee n ó t o n a,,ramirez_dicionario_2001,,
95,,Baniwa,cloud,idzadawäka,idzadawäka,i dz a d a w a k a,,ramirez_dicionario_2001,,
96,,Piapoco,cloud,acalèe,acalèe,a k a l è e,,,,
97,,Resigaro,cloud,iítshú,iítshú,i í tsh ú,,allin_vocabulario_1979,,
98,,Yukuna,cloud,[juni] juwáka'ala,[juni] juwáka'ala,h u n i _ h u w á k a ʔ a l a,,,,
99,,Achagua,cold,kasáIinii,kasáIinii,k a s a l i n i:,,melendez_lozano_diccionario_2011,,
100,,Baniwa,cold,hápe,hápe,h á p e,,ramirez_dicionario_2001,,
101,,Kabiyari,cold,peʔe,peʔe,p e ʔ e,,,,
102,,Piapoco,cold,casalíníiri,casalíníiri,k a s a l í n í: ɾ i,,,,
103,,Resigaro,cold,hi?píí?,hi?píí?,h i ʔ p íí ʔ,,,,
104,,Resigaro,cold,taa,taa,t aa,,,,
105,,Yukuna,cold,ipe'ení,ipe'ení,i p e ʔ e n í,,,,
106,,Achagua,come,íinueri,íinueri,i: n u e r i,,melendez_lozano_diccionario_2011,,
107,,Baniwa,come,-no,-no,n o,,ramirez_dicionario_2001,,
108,,Kabiyari,come,mira(a)ni,mira(a)ni,m i r a ( a ) n i,,,,
109,,Kabiyari,come,anaa,anaa,a n aa,,,,
110,,Piapoco,come,nùacawa néese,nùacawa néese,n ù a k a w a _ n é e s e,,,,
111,,Resigaro,come,tsa?nú,tsa?nú,ts a ʔ n ú,,,,
112,,Yukuna,come,iphakaje,iphakaje,i pʰ a k a h e,,,,
113,,Yukuna,come,waícha,waícha,w a í tʃ a,,,,
114,,Warekena,come,-wína,-wína,w í n a,,ramirez_dicionario_2001,,
115,,Warekena,come,wádi!,wádi!,w á d i,,ramirez_dicionario_2001,,
116,,Achagua,die,máanalii,máanalii,m a: n a l i:,,melendez_lozano_diccionario_2011,,
117,,Baniwa,die,malíome,malíome,m a l í o m e,,ramirez_dicionario_2001,,
118,,Kabiyari,die,mikuu,mikuu,m i k uu,,,,
119,,Piapoco,die,étácawa,étácawa,é t á k a w a,,,,
120,,Resigaro,die,kainée- ǰú,kainée- ǰú,k a i n é e _ dʒ ú,,allin_vocabulario_1979,,
121,,Yukuna,die,taka'akaje,taka'akaje,t a k a ʔ a k a h e,,,,
122,,Achagua,dog,auli,auli,a u l i,,ramirez_dicionario_2001,,
123,,Baniwa,dog,tsiino,tsiino,ts ii n o,,ramirez_dicionario_2001,,
124,,Kabiyari,dog,t∫aawi,t∫aawi,t ∫ aa w i,,,,
125,,Piapoco,dog,yàlidu,yàlidu,j à l i d u,,,,
126,,Resigaro,dog,íiní,íiní,í i n í,,,,
127,,Tariana,dog,čínu,čínu,tʃ í n u,,,,
128,,Yukuna,dog,walú,walú,w a l ú,,,,
129,,Achagua,drink,íireri,íireri,i: r e r i,,melendez_lozano_diccionario_2011,,
130,,Baniwa,drink,-íira,-íira,í i r a,,ramirez_dicionario_2001,,
131,,Kabiyari,drink,irá,irá,i r á,,,,
132,,Piapoco,drink,ìraca,ìraca,ì ɾ a k a,,,,
133,,Resigaro,drink,i?dú,i?dú,i ʔ d ú,,,,
134,,Yukuna,drink,i'irakaje,i'irakaje,i ʔ i ɾ a k a h e,,,,
135,,Baniwa,dryn,-meettáta,-meettáta,m ee tt á t a,,ramirez_dicionario_2001,,
136,,Kabiyari,dryn,iwá,iwá,i w á,,,,
137,,Piapoco,dryn,chuìri,chuìri,tʃ u ì ɾ i,,,,
138,,Resigaro,dryn,makádú,makádú,m a k á d ú,,,,
139,,Yukuna,dryn,makára'akaje,makára'akaje,m a k á r a 'a k a j e,,schauer_diccionario_2005,,
140,,Achagua,ear,wíbaʃi,wíbaʃi,w i b a ʃ i,,melendez_lozano_diccionario_2011,,
141,,Baniwa,ear,-heeni,-heeni,h ee n i,,ramirez_dicionario_2001,,
142,,Baniwa,ear,-hináko-liko,-hináko-liko,h i n á k o l i k o,,ramirez_dicionario_2001,,
143,,Kabiyari,ear,u'uwi,u'uwi,u ʔ u w i,,,,
144,,Piapoco,ear,uwi,uwi,u w i,,,,
145,,Resigaro,ear,henákó,henákó,h e n á k ó,,,,
146,,Yukuna,ear,i'ijwijí,i'ijwijí,i ʔ i hw i h í,,,,
147,,Achagua,earth,káinabi,káinabi,k a i n a b i,,melendez_lozano_diccionario_2011,,
148,,Baniwa,earth,híipai,híipai,h í i p a i,,ramirez_dicionario_2001,,
149,,Kabiyari,earth,ta'ka(a)ri,ta'ka(a)ri,t a ʔ k a ( a ) r i,,,,
150,,Piapoco,earth,cáli,cáli,k á l i,,,,
151,,Resigaro,earth,hihi,hihi,h i h i,,,,
152,,Yukuna,earth,te'erí,te'erí,t e ʔ e ɾ í,,,,
153,,Achagua,eat,íijeri,íijeri,i: j e r i,,melendez_lozano_diccionario_2011,,
154,,Baniwa,eat,-íiñha,-íiñha,í i ñh a,,ramirez_dicionario_2001,,
155,,Kabiyari,eat,tʃha,tʃha,tʃh a,,,,
156,,Piapoco,eat,yáaca,yáaca,j á: k a,,,,
157,,Resigaro,eat,a?mitú,a?mitú,a ʔ m i t ú,,,,
158,,Yukuna,eat,ajñakaje,ajñakaje,a hɲ a k a h e,,,,
159,,Achagua,egg,éewiʃi,éewiʃi,ee w i ʃ i,,melendez_lozano_diccionario_2011,,
160,,Baniwa,egg,-éewhe,-éewhe,é e wh e,,ramirez_dicionario_2001,,
161,,Kabiyari,egg,éewhé,éewhé,é e wh é,,,,
162,,Piapoco,egg,yéewési,yéewési,j éː w é s i,,,,
163,,Resigaro,egg,eévé(ú),eévé(ú),e é v é ( ú ),,,,
164,,Yukuna,egg,ejweji,ejweji,e hw e h i,,,,
165,,Achagua,eye,túiʃi,túiʃi,t u i ʃ i,,melendez_lozano_diccionario_2011,,
166,,Baniwa,eye,-thi,-thi,th i,,ramirez_dicionario_2001,,
167,,Kabiyari,eye,thu,thu,th u,,,,
168,,Piapoco,eye,tuí,tuí,t u í,,,,
169,,Resigaro,eye,ijlují,ijlují,i h l u h í,,,,
170,,Yukuna,eye,ijlují,ijlují,i h l u h í,,,,
171,,Kabiyari,feather,apána,apána,a p á n a,,,,
172,,Piapoco,feather,báica,báica,b á i k a,,,,
173,,Resigaro,feather,tsíináhí,tsíináhí,ts í i n á h í,,,,
174,,Tariana,feather,dí-ča,dí-ča,d í tʃ a,,,,
175,,Tariana,feather,díča-ɾe,díča-ɾe,d í tʃ a ɾ e,,,,
176,,Tariana,feather,daɾuphemá-ma,daɾuphemá-ma,d a ɾ u pʰ e m á m a,,,,
177,,Yukuna,feather,chijneji,chijneji,tʃ i hn e h i,,,,
178,,Achagua,fire,tʃitʃái,tʃitʃái,tʃ i tʃ a i,,melendez_lozano_diccionario_2011,,
179,,Baniwa,fire,ttídzee,ttídzee,tt í dz ee,,ramirez_dicionario_2001,,
180,,Kabiyari,fire,kira'ari,kira'ari,k i r a ʔ a r i,,,,
181,,Piapoco,fire,quichái,quichái,k i tʃ á i,,,,
182,,Piapoco,fire,síyái,síyái,s í j á i,,,,
183,,Resigaro,fire,o?koná?,o?koná?,o ʔ k o n á ʔ,,,,
184,,Yukuna,fire,jiyá,jiyá,h i j á,,,,
185,,Yukuna,fire,kera'atani,kera'atani,k e ɾ a ʔ a t a n i,,,,
186,,Achagua,fishn,kubái,kubái,k u b a i,,melendez_lozano_diccionario_2011,,
187,,Baniwa,fishn,kóphe,kóphe,k ó ph e,,ramirez_dicionario_2001,,
188,,Kabiyari,fishn,kúpha,kúpha,ʔ u ll e,,huber_vocabulario_1991,,
189,,Piapoco,fishn,kubái,kubái,k u b á i,,,,
190,,Resigaro,fishn,ámoogí,ámoogí,á m oo g í,,,,
191,,Yukuna,fishn,kúpe,kúpe,k ú p e,,,,
192,,Achagua,flesh,íinaʃi,íinaʃi,i: n a ʃ i,,melendez_lozano_diccionario_2011,,
193,,Baniwa,flesh,-íipe,-íipe,í i p e,,ramirez_dicionario_2001,,
194,,Kabiyari,flesh,?ii,?ii,ʔ ii,,huber_vocabulario_1991,,
195,,Piapoco,flesh,iinási,iinási,ii n á s i,,,,
196,,Resigaro,flesh,gí?í,gí?í,g í ʔ í,,huber_vocabulario_1991,,
197,,Yukuna,flesh,i'iji,i'iji,r i 'í,,,,
198,,Achagua,flyv,jáareriu,jáareriu,j a: r e r i u,,melendez_lozano_diccionario_2011,,
199,,Baniwa,flyv,-áara,-áara,á a r a,,ramirez_dicionario_2001,,
200,,Kabiyari,flyv,áara,áara,á a r a,,schauer_diccionario_2005,,
201,,Piapoco,flyv,yálacawa,yálacawa,j á l a k a w a,,,,
202,,Resigaro,flyv,adú,adú,a d ú,,,,
203,,Yukuna,flyv,ajrakaje,ajrakaje,a hɾ a k a h e,,,,
204,,Achagua,foot,íibaʃi,íibaʃi,i: b a ʃ i,,melendez_lozano_diccionario_2011,,
205,,Baniwa,foot,-híipa,-híipa,h í i p a,,ramirez_dicionario_2001,,
206,,Kabiyari,foot,híipa,híipa,h í i p a,,,,
207,,Piapoco,foot,abàli,abàli,a b à l i,,,,
208,,Resigaro,foot,hii?pú,hii?pú,h ii ʔ p ú,,,,
209,,Yukuna,foot,ji'imaji,ji'imaji,h i ʔ i m a h i,,,,
210,,Achagua,full,káawai,káawai,k a: w a i,,melendez_lozano_diccionario_2011,,
211,,Baniwa,full,pákhame(i),pákhame(i),p á kh a m e ( i ),,ramirez_dicionario_2001,,
212,,Kabiyari,full,manu',manu',m a n u ',,ramirez_dicionario_2001,,
213,,Kabiyari,full,miyana,miyana,m i y a n a,,ramirez_dicionario_2001,,
214,,Resigaro,full,potsʰí?mó,potsʰí?mó,p o tsʰ í ʔ m ó,,huber_vocabulario_1991,,
215,,Yukuna,full,mano'okaje,mano'okaje,m a n o 'o k a j e,,schauer_diccionario_2005,,
216,,Achagua,give,jáairi,jáairi,j aa i r i,,melendez_lozano_diccionario_2011,,
217,,Baniwa,give,-áa,-áa,á a,,ramirez_dicionario_2001,,
218,,Kabiyari,give,-aa,-aa,aa,,ramirez_dicionario_2001,,
219,,Resigaro,give,-aa?ní,-aa?ní,aa ? n í,,huber_vocabulario_1991,,
220,,Yukuna,give,a'akaje,a'akaje,a 'a k a j e,,schauer_diccionario_2005,,
221,,Warekena,give,-huwa,-huwa,h u w a,,ramirez_dicionario_2001,,
222,,Achagua,good,sáika,sáika,s a i k a,,melendez_lozano_diccionario_2011,,
223,,Baniwa,good,mátsia,mátsia,m á ts i a,,ramirez_dicionario_2001,,
224,,Kabiyari,good,tʃuni-ka,tʃuni-ka,tʃ u n i k a,,,,
225,,Piapoco,good,cayábéeri,cayábéeri,k a j á b é: ɾ i,,,,
226,,Resigaro,good,kaŝó?,kaŝó?,k a ʃ ó ʔ,,,,
227,,Yukuna,good,palani,palani,p a l a n i,,,,
228,,Achagua,grease,júuwika,júuwika,j uu w i k a,,melendez_lozano_diccionario_2011,,
229,,Baniwa,grease,íitti,íitti,í i tt i,,ramirez_dicionario_2001,,
230,,Kabiyari,grease,íʔit̪i,íʔit̪i,í ʔ i t̪ i,,,,
231,,Piapoco,grease,iséená,iséená,i s é: n á,,,,
232,,Resigaro,grease,phedee?kátasí,phedee?kátasí,ph e d ee ? k á t a s í,,allin_vocabulario_1979,,
233,,Yukuna,grease,jilaji,jilaji,h i l a h i,,,,
234,,Achagua,green,uléejii,uléejii,u l e: j i,,melendez_lozano_diccionario_2011,,
235,,Baniwa,green,hípole,hípole,h í p o l e,,ramirez_dicionario_2001,,
236,,Kabiyari,green,puré,puré,p u r é,,,,
237,,Piapoco,green,ipùléeri,ipùléeri,i p ù l é: ɾ i,,,,
238,,Resigaro,green,ipogí?,ipogí?,i p o g í ?,,,,
239,,Yukuna,green,ipureni,ipureni,i p u ɾ e n i,,,,
240,,Achagua,hair,báinaʃi,báinaʃi,b a i n a ʃ i,,melendez_lozano_diccionario_2011,,
241,,Baniwa,hair,-tsíkole,-tsíkole,ts í k o l e,,ramirez_dicionario_2001,,
242,,Kabiyari,hair,tʃuna,tʃuna,tʃ u n a,,,,
243,,Piapoco,hair,ichùna,ichùna,i tʃ ù n a,,,,
244,,Resigaro,hair,híve?áǰii?ó,híve?áǰii?ó,h í v e ʔ á dʒ ii ʔ ó,,,,
245,,Yukuna,hair,wilaji,wilaji,w i l a h i,,,,
246,,Achagua,hand,káhiʃi,káhiʃi,k a h i ʃ i,,melendez_lozano_diccionario_2011,,
247,,Baniwa,hand,-káapi,-káapi,k á a p i,,ramirez_dicionario_2001,,
248,,Kabiyari,hand,kaapi,kaapi,k aa p i,,,,
249,,Piapoco,hand,cáapi,cáapi,k á: p i,,,,
250,,Resigaro,hand,-ké,-ké,k é,,allin_vocabulario_1979,,
251,,Yukuna,hand,yáte'elaji,yáte'elaji,j á t e ʔ e l a h i,,,,
252,,Achagua,head,wítaʃi,wítaʃi,w i t a ʃ i,,melendez_lozano_diccionario_2011,,
253,,Baniwa,head,-hiwída,-hiwída,h i w í d a,,ramirez_dicionario_2001,,
254,,Kabiyari,head,hiwíta,hiwíta,h i w í t a,,,,
255,,Piapoco,head,[nu]iwita,[nu]iwita,n u i w i t a,,,,
256,,Resigaro,head,híveú,híveú,h í v e ú,,,,
257,,Yukuna,head,wíla'aruji,wíla'aruji,w í l a ʔ a ɾ u h i,,,,
258,,Achagua,hear,éemeri,éemeri,e: m e r i,,melendez_lozano_diccionario_2011,,
259,,Baniwa,hear,-hima,-hima,h i m a,,ramirez_dicionario_2001,,
260,,Baniwa,hear,-himeeta,-himeeta,h i m ee t a,,ramirez_dicionario_2001,,
261,,Kabiyari,hear,heme,heme,h e m e,,,,
262,,Piapoco,hear,émìaca,émìaca,é m ì a k a,,,,
263,,Resigaro,hear,hé?mú,hé?mú,h é ? m ú,,,,
264,,Tariana,hear,-híma,-híma,h í m a,,ramirez_dicionario_2001,,
265,,Yukuna,hear,jema'akaje,jema'akaje,h e m a ʔ a k a h e,,,,
266,,Achagua,heart,wówaʃi,wówaʃi,w o w a ʃ i,,melendez_lozano_diccionario_2011,,
267,,Baniwa,heart,-kaale,-kaale,k aa l e,,ramirez_dicionario_2001,,
268,,Kabiyari,heart,kareta,kareta,k a r e t a,,,,
269,,Piapoco,heart,nu-wàwa,nu-wàwa,n u w à w a,,,,
270,,Piapoco,heart,íiricu,íiricu,í: ɾ i k u,,,,
271,,Resigaro,heart,váfoú,váfoú,v á f o ú,,,,
272,,Yukuna,heart,wajweji,wajweji,w a hw e h i,,,,
273,,Achagua,horn,tʃáalaʃi,tʃáalaʃi,tʃ a: l a ʃ i,,melendez_lozano_diccionario_2011,,
274,,Baniwa,horn,-tsówa,-tsówa,ts ó w a,,ramirez_dicionario_2001,,
275,,Kabiyari,horn,nuire,nuire,n u i r e,,huber_vocabulario_1991,,
276,,Resigaro,horn,-iijβií,-iijβií,ii jβ i í,,huber_vocabulario_1991,,
277,,Yukuna,horn,i'iwáwiji,i'iwáwiji,r i 'i w a w i,,schauer_diccionario_2005,,
278,,Achagua,hot,amuái,amuái,a m u a i,,melendez_lozano_diccionario_2011,,
279,,Baniwa,hot,hámo,hámo,h á m o,,ramirez_dicionario_2001,,
280,,Kabiyari,hot,muʔú,muʔú,m u ʔ ú,,,,
281,,Piapoco,hot,ùuléeri,ùuléeri,ù u l é: ɾ i,,,,
282,,Resigaro,hot,ha?mo?,ha?mo?,h a ? m o ?,,,,
283,,Yukuna,hot,ima'aní,ima'aní,i m a 'a n í,,schauer_diccionario_2005,,
284,,Achagua,i,nujá,nujá,n u j a,,melendez_lozano_diccionario_2011,,
285,,Baniwa,i,nhóa,nhóa,nh ó a,,ramirez_dicionario_2001,,
286,,Kabiyari,i,nhú,nhú,nh ú,,,,
287,,Kabiyari,i,nu-,nu-,n u,,,,
288,,Piapoco,i,núa,núa,n ú a,,,,
289,,Resigaro,i,ó,ó,ó,,,,
290,,Tariana,i,nuha,nuha,n u h a,,,,
291,,Yukuna,i,nuká,nuká,n u k á,,schauer_diccionario_2005,,
292,,Achagua,kill,íinueri,íinueri,i: n u e r i,,melendez_lozano_diccionario_2011,,
293,,Baniwa,kill,-íinoa,-íinoa,í i n o a,,ramirez_dicionario_2001,,
294,,Kabiyari,kill,nua,nua,n u a,,,,
295,,Piapoco,kill,étáidaca,étáidaca,é t á i d a k a,,,,
296,,Piapoco,kill,nuáca,nuáca,n u á k a,,,,
297,,Resigaro,kill,kainée-khú,kainée-khú,k a i n é e kʰ ú,,,,
298,,Resigaro,kill,mótshó,mótshó,m ó tsʰ ó,,,,
299,,Yukuna,kill,nókaje,nókaje,n ó k a h e,,,,
300,,Achagua,knee,júruiʃi,júruiʃi,j u r u i ʃ i,,melendez_lozano_diccionario_2011,,
301,,Baniwa,knee,-hóorhi,-hóorhi,h ó o rh i,,ramirez_dicionario_2001,,
302,,Kabiyari,knee,-urhu(na),-urhu(na),u rh u ( n a ),,ramirez_dicionario_2001,,
303,,Kabiyari,knee,-huru,-huru,h u r u,,ramirez_dicionario_2001,,
304,,Resigaro,knee,-ho?dónaú,-ho?dónaú,h o ? d ó n a ú,,allin_vocabulario_1979,,
305,,Yukuna,knee,i'irúpachiji,i'irúpachiji,r i 'i r ú p a ch i,,schauer_diccionario_2005,,
306,,Achagua,know,éeweri,éeweri,e: w e r i,,melendez_lozano_diccionario_2011,,
307,,Achagua,know,jaléenaa,jaléenaa,j a l e: n a:,,melendez_lozano_diccionario_2011,,
308,,Baniwa,know,-áanhee,-áanhee,á a nh ee,,ramirez_dicionario_2001,,
309,,Kabiyari,know,aranhú,aranhú,a r a nh ú,,,,
310,,Piapoco,know,alíacawa,alíacawa,a l í a k a w a,,,,
311,,Resigaro,know,-manaá-tó?,-manaá-tó?,m a n a á t ó ?,,allin_vocabulario_1979,,
312,,Yukuna,know,we'epíkaje,we'epíkaje,w e ʔ e p í k a h e,,,,
313,,Achagua,leaf,bánabai,bánabai,b a n a b a i,,melendez_lozano_diccionario_2011,,
314,,Baniwa,leaf,panaphe,panaphe,p a n a ph e,,ramirez_dicionario_2001,,
315,,Baniwa,leaf,-phe,-phe,ph e,,ramirez_dicionario_2001,,
316,,Kabiyari,leaf,apana,apana,a p a n a,,,,
317,,Piapoco,leaf,ibáiná,ibáiná,i b á i n á,,,,
318,,Resigaro,leaf,apáná?aamí,apáná?aamí,a p á n á ʔ aa m í,,,,
319,,Yukuna,leaf,wíchu'upe,wíchu'upe,w í ch u 'u p e,,schauer_diccionario_2005,,
320,,Warekena,leaf,-phe,-phe,ph e,,ramirez_dicionario_2001,,
321,,Warekena,leaf,apanaphe,apanaphe,a p a n a ph e,,ramirez_dicionario_2001,,
322,,Achagua,lie,kuániriu,kuániriu,k u a n i r i u,,melendez_lozano_diccionario_2011,,
323,,Baniwa,lie,-kua,-kua,k u a,,ramirez_dicionario_2001,,
324,,Baniwa,lie,-ɻhua,-ɻhua,ɻh u a,,ramirez_dicionario_2001,,
325,,Kabiyari,lie,-ku'apu,-ku'apu,k u 'a p u,,ramirez_dicionario_2001,,
326,,Kabiyari,lie,-huapuku,-huapuku,h u a p u k u,,ramirez_dicionario_2001,,
327,,Resigaro,lie,šoóné-ǰú,šoóné-ǰú,š o ó n é ǰ ú,,allin_vocabulario_1979,,
328,,Tariana,lie,swá,swá,s w á,,,,
329,,Yukuna,lie,to'okajo,to'okajo,t o 'o k a j o,,schauer_diccionario_2005,,
330,,Achagua,liver,tʃáaliʃi,tʃáaliʃi,tʃ a: l i ʃ i,,melendez_lozano_diccionario_2011,,
331,,Baniwa,liver,-xópana,-xópana,ʃ ó p a n a,,ramirez_dicionario_2001,,
332,,Kabiyari,liver,úupana,úupana,ú u p a n a,,,,
333,,Piapoco,liver,ubana,ubana,u b a n a,,,,
334,,Resigaro,liver,-opáanú,-opáanú,o p á a n ú,,huber_vocabulario_1991,,
335,,Yukuna,liver,panaji,panaji,p a n a j i,,schauer_diccionario_2005,,
336,,Achagua,long,matʃéenii,matʃéenii,m a tʃ e: n i:,,melendez_lozano_diccionario_2011,,
337,,Baniwa,long,yápi,yápi,y á p i,,ramirez_dicionario_2001,,
338,,Kabiyari,long,wia,wia,w i a,,ramirez_dicionario_2001,,
339,,Piapoco,long,cáaléeri,cáaléeri,k á a l é e r i,,,,
340,,Resigaro,long,tseinó?,tseinó?,ts e i n ó ?,,,,
341,,Yukuna,long,waphereni,waphereni,w a ph e r e n i,,schauer_diccionario_2005,,
342,,Achagua,louse,witéneʃi,witéneʃi,w i t e n e ʃ i,,melendez_lozano_diccionario_2011,,
343,,Baniwa,louse,towída,towída,t o w í d a,,ramirez_dicionario_2001,,
344,,Kabiyari,louse,nií,nií,n i í,,,,
345,,Piapoco,louse,cùlibàu,cùlibàu,k ù l i b à u,,,,
346,,Resigaro,louse,netetshí?ó,netetshí?ó,n e t e tsʰ í ʔ ó,,,,
347,,Yukuna,louse,inejí,inejí,r i n e,,schauer_diccionario_2005,,
348,,Achagua,manadultmale,waʃiálikueri,waʃiálikueri,w a ʃ i a l i k u e r i,,melendez_lozano_diccionario_2011,,
349,,Baniwa,manadultmale,atsíanli,atsíanli,a ts í a n l i,,ramirez_dicionario_2001,,
350,,Baniwa,manadultmale,newíki,newíki,n e w í k i,,ramirez_dicionario_2001,,
351,,Kabiyari,manadultmale,t̪ijá-ri,t̪ijá-ri,t̪ i j á r i,,,,
352,,Resigaro,manadultmale,atsáagí,atsáagí,a ts á a g í,,,,
353,,Yukuna,manadultmale,achiñá,achiñá,a tʃ i ɲ á,,,,
354,,Achagua,many,báhiala,báhiala,b a h i a l a,,melendez_lozano_diccionario_2011,,
355,,Baniwa,many,hanípa,hanípa,h a n í p a,,ramirez_dicionario_2001,,
356,,Baniwa,many,hóre,hóre,h ó r e,,ramirez_dicionario_2001,,
357,,Baniwa,many,manópe,manópe,m a n ó p e,,ramirez_dicionario_2001,,
358,,Kabiyari,many,muura,muura,m uu r a,,ramirez_dicionario_2001,,
359,,Piapoco,many,kána(na)ma,kána(na)ma,k á n a ( n a ) m a,,ramirez_dicionario_2001,,
360,,Piapoco,many,manuba,manuba,m a n u b a,,ramirez_dicionario_2001,,
361,,Piapoco,many,maini,maini,m a i n i,,ramirez_dicionario_2001,,
362,,Resigaro,many,an̥epúúʔ,an̥epúúʔ,a n̥ e p úú ʔ,,huber_vocabulario_1991,,
363,,Yukuna,many,cha'aphá,cha'aphá,ch a 'a ph á,,schauer_diccionario_2005,,
364,,Achagua,moon,kéeri,kéeri,k e: r i,,melendez_lozano_diccionario_2011,,
365,,Baniwa,moon,kéeri,kéeri,k é e r i,,ramirez_dicionario_2001,,
366,,Kabiyari,moon,kéeri,kéeri,k é e r i,,,,
367,,Piapoco,moon,quéeri,quéeri,k é: ɾ i,,,,
368,,Resigaro,moon,keégí,keégí,k e é g í,,,,
369,,Yukuna,moon,keri,keri,k e ɾ i,,,,
370,,Achagua,mountain,dúuli,dúuli,d ú u l i,,ramirez_dicionario_2001,,
371,,Baniwa,mountain,hidzápa,hidzápa,h i dz á p a,,ramirez_dicionario_2001,,
372,,Baniwa,mountain,híipana,híipana,h í i p a n a,,ramirez_dicionario_2001,,
373,,Kabiyari,mountain,marena,marena,m a r e n a,,,,
374,,Kabiyari,mountain,takari,takari,t a k a r i,,,,
375,,Piapoco,mountain,dúli,dúli,d ú l i,,,,
376,,Resigaro,mountain,tégahú,tégahú,t é g a h ú,,allin_vocabulario_1979,,
377,,Tariana,mountain,maka-pulikúda,maka-pulikúda,m a k a p u l i k ú d a,,,,
378,,Yukuna,mountain,yenuri,yenuri,j e n u ɾ i,,,,
379,,Warekena,mountain,hidápa,hidápa,h i d á p a,,ramirez_dicionario_2001,,
380,,Achagua,mouth,númaʃi,númaʃi,n u m a ʃ i,,melendez_lozano_diccionario_2011,,
381,,Baniwa,mouth,-nóma,-nóma,n ó m a,,ramirez_dicionario_2001,,
382,,Kabiyari,mouth,numa,numa,n u m a,,,,
383,,Piapoco,mouth,nùma,nùma,n ù m a,,,,
384,,Resigaro,mouth,nó,nó,n ó,,,,
385,,Yukuna,mouth,numaji,numaji,n u m a h i,,,,
386,,Achagua,name,hiʔinaʃi,hiʔinaʃi,h i ʔ i n a ʃ i,,melendez_lozano_diccionario_2011,,
387,,Baniwa,name,-iipítana,-iipítana,ii p í t a n a,,ramirez_dicionario_2001,,
388,,Kabiyari,name,íí,íí,íí,,,,
389,,Piapoco,name,ípidená,ípidená,í p i d e n á,,,,
390,,Resigaro,name,iivú,iivú,ii v ú,,,,
391,,Yukuna,name,iíji,iíji,i í h i,,,,
392,,Achagua,neck,wáaʃi,wáaʃi,w a: ʃ i,,melendez_lozano_diccionario_2011,,
393,,Baniwa,neck,-nóoro,-nóoro,n ó o r o,,ramirez_dicionario_2001,,
394,,Kabiyari,neck,kanhapi,kanhapi,k a nh a p i,,,,
395,,Piapoco,neck,canápi,canápi,k a n á p i,,,,
396,,Resigaro,neck,-iñočhí,-iñočhí,i ñ o čh í,,allin_vocabulario_1979,,
397,,Yukuna,neck,núrupiji,núrupiji,n ú r u p i h i,,,,
398,,Achagua,new,wáalii,wáalii,w a: l i:,,melendez_lozano_diccionario_2011,,
399,,Baniwa,new,éemi,éemi,é e m i,,ramirez_dicionario_2001,,
400,,Baniwa,new,wali-,wali-,w a l i,,ramirez_dicionario_2001,,
401,,Baniwa,new,yapiápali,yapiápali,y a p i á p a l i,,ramirez_dicionario_2001,,
402,,Kabiyari,new,wárit̪é,wárit̪é,w á r i t̪ é,,,,
403,,Piapoco,new,wàlisàiri,wàlisàiri,w à l i s à i r i,,,,
404,,Resigaro,new,be?é,be?é,b e ʔ é,,,,
405,,Yukuna,new,wajé,wajé,w a h é,,,,
406,,Achagua,night,táaje,táaje,t a: j e,,melendez_lozano_diccionario_2011,,
407,,Baniwa,night,déepi,déepi,d é e p i,,ramirez_dicionario_2001,,
408,,Kabiyari,night,néápi,néápi,n é á p i,,,,
409,,Piapoco,night,catá,catá,k a t á,,,,
410,,Resigaro,night,naapí,naapí,n aa p í,,,,
411,,Yukuna,night,lapí,lapí,l a p í,,,,
412,,Achagua,nose,dákuʃi,dákuʃi,d a k u ʃ i,,melendez_lozano_diccionario_2011,,
413,,Baniwa,nose,-hitáko,-hitáko,h i t á k o,,ramirez_dicionario_2001,,
414,,Kabiyari,nose,hitákú,hitákú,h i t á k ú,,,,
415,,Piapoco,nose,ídacu,ídacu,í d a k u,,,,
416,,Resigaro,nose,-hitákó,-hitákó,h i t á k ó,,allin_vocabulario_1979,,
417,,Yukuna,nose,takuji,takuji,t a k u h i,,,,
418,,Achagua,not,ma-,ma-,m a,,ramirez_dicionario_2001,,
419,,Achagua,not,hookai,hookai,h oo k a i,,ramirez_dicionario_2001,,
420,,Baniwa,not,ma-,ma-,m a,,ramirez_dicionario_2001,,
421,,Baniwa,not,ñáme,ñáme,ñ á m e,,ramirez_dicionario_2001,,
422,,Kabiyari,not,uka,uka,u k a,,,,
423,,Piapoco,not,càmita,càmita,k à m i t a,,,,
424,,Resigaro,not,nii,nii,n ii,,ramirez_dicionario_2001,,
425,,Resigaro,not,ma-,ma-,m a,,ramirez_dicionario_2001,,
426,,Tariana,not,ma-,ma-,m a,,ramirez_dicionario_2001,,
427,,Yukuna,not,unká,unká,u n k á,,,,
428,,Warekena,not,ma-,ma-,m a,,ramirez_dicionario_2001,,
429,,Warekena,not,nalé,nalé,n a l é,,ramirez_dicionario_2001,,
430,,Achagua,one,áabai,áabai,a: b a i,,melendez_lozano_diccionario_2011,,
431,,Baniwa,one,a(a)pa-,a(a)pa-,a ( a ) p a,,ramirez_dicionario_2001,,
432,,Kabiyari,one,pa[pu],pa[pu],p a p u,,,,
433,,Piapoco,one,ab[ì-],ab[ì-],a b [ ì ],,,,
434,,Piapoco,one,abe,abe,a b e,,,,
435,,Resigaro,one,pa[topʰe],pa[topʰe],p a [ t o pʰ e ],,,,
436,,Resigaro,one,sagú,sagú,s a g ú,,,,
437,,Yukuna,one,pajluwa,pajluwa,p a (h l u w á h a ),,,,
438,,Achagua,path,iníhibaa,iníhibaa,i n i h i b a:,,melendez_lozano_diccionario_2011,,
439,,Baniwa,path,inípo,inípo,i n í p o,,ramirez_dicionario_2001,,
440,,Baniwa,path,-aapówa,-aapówa,aa p ó w a,,ramirez_dicionario_2001,,
441,,Baniwa,path,-aapowánaa,-aapowánaa,aa p o w á n aa,,ramirez_dicionario_2001,,
442,,Kabiyari,path,apú-há,apú-há,a p ú h á,,,,
443,,Kabiyari,path,jóopu,jóopu,j ó o p u,,,,
444,,Kabiyari,path,ajápú,ajápú,a j á p ú,,,,
445,,Piapoco,path,àyapu,àyapu,à j a p u,,,,
446,,Resigaro,path,aǰápó,aǰápó,a dʒ á p ó,,,,
447,,Resigaro,path,éhuúhí,éhuúhí,éh u ú h í,,,,
448,,Yukuna,path,iñe'epú,iñe'epú,i ñ e 'e p ú,,schauer_diccionario_2005,,
449,,Achagua,person,wenàiwica,wenàiwica,w e n à i w i k a,,,,
450,,Baniwa,person,newíki,newíki,n e w í k i,,ramirez_dicionario_2001,,
451,,Kabiyari,person,néki-ri,néki-ri,n é k i ɾ i,,,,
452,,Piapoco,person,wenàiwica,wenàiwica,w e n à i w i k a,,,,
453,,Resigaro,person,ináavi?žaánigí,ináavi?žaánigí,i n á a v i ʔʒ a á n i g í,,,,
454,,Yukuna,person,ina'uké,ina'uké,i n a 'u k é,,,,
455,,Achagua,rain,júweriu,júweriu,j ú w e r i u,,melendez_lozano_diccionario_2011,,
456,,Baniwa,rain,íidza,íidza,í i dz a,,ramirez_dicionario_2001,,
457,,Kabiyari,rain,peʔekhe,peʔekhe,p e ʔ e kh e,,,,
458,,Kabiyari,rain,pehe,pehe,p e h e,,,,
459,,Piapoco,rain,unía,unía,u n í a,,,,
460,,Resigaro,rain,fá?voótsí,fá?voótsí,f á ? v o ó ts í,,,,
461,,Yukuna,rain,juni,juni,h u n i,,,,
462,,Achagua,red,kírai,kírai,k í r a i,,melendez_lozano_diccionario_2011,,
463,,Baniwa,red,iirai,iirai,ii r a i,,ramirez_dicionario_2001,,
464,,Baniwa,red,kéerama,kéerama,k é e r a m a,,ramirez_dicionario_2001,,
465,,Kabiyari,red,kíira,kíira,k í i r a,,,,
466,,Piapoco,red,quíiraca,quíiraca,k í: ɾ a k a,,,,
467,,Resigaro,red,kedávií́?,kedávií́?,k e d á v i í́ ʔ,,,,
468,,Yukuna,red,kerani,kerani,k e ɾ a n i,,,,
469,,Achagua,root,híitʃuʃi,híitʃuʃi,h í i tʃ u ʃ i,,melendez_lozano_diccionario_2011,,
470,,Baniwa,root,-pali,-pali,p a l i,,ramirez_dicionario_2001,,
471,,Kabiyari,root,apáre,apáre,a p á r e,,,,
472,,Piapoco,root,ipìchu,ipìchu,i p ì tʃ u,,,,
473,,Resigaro,root,tébaké,tébaké,t é b a k é,,,,
474,,Yukuna,root,ji'ilaji,ji'ilaji,h i ʔ i l a h i,,,,
475,,Warekena,root,-ili,-ili,i l i,,ramirez_dicionario_2001,,
476,,Achagua,round,maka,maka,m a k a,,ramirez_dicionario_2001,,
477,,Baniwa,round,madzakánhu,madzakánhu,m a dz a k á nh u,,ramirez_dicionario_2001,,
478,,Kabiyari,round,paβuudú,paβuudú,p a β uu d ú,,huber_vocabulario_1991,,
479,,Resigaro,round,pavuudu,pavuudu,p a v uu d u,,ramirez_dicionario_2001,,
480,,Achagua,sand,káina,káina,k á i n a,,melendez_lozano_diccionario_2011,,
481,,Baniwa,sand,káida,káida,k á i d a,,ramirez_dicionario_2001,,
482,,Kabiyari,sand,káʔa,káʔa,k á ʔ a,,,,
483,,Piapoco,sand,kai[na],kai[na],k a i [ n a ],,,,
484,,Resigaro,sand,meníigí,meníigí,m e n í i g í,,allin_vocabulario_1979,,
485,,Yukuna,sand,ke'epé,ke'epé,k e ʔ p é,,,,
486,,Achagua,say,máiri,máiri,m á i r i,,melendez_lozano_diccionario_2011,,
487,,Baniwa,say,-kaíte,-kaíte,k a í t e,,ramirez_dicionario_2001,,
488,,Kabiyari,say,íma,íma,í m a,,,,
489,,Piapoco,say,íma,íma,í m a,,,,
490,,Resigaro,say,-kemú,-kemú,k e m ú,,allin_vocabulario_1979,,
491,,Yukuna,say,mí-,mí-,m í,,,,
492,,Warekena,say,-máka,-máka,m á k a,,ramirez_dicionario_2001,,
493,,Warekena,say,-kasaléta,-kasaléta,k a s a l é t a,,ramirez_dicionario_2001,,
494,,Achagua,see,káberi,káberi,k á b e r i,,melendez_lozano_diccionario_2011,,
495,,Baniwa,see,-kápa,-kápa,k á p a,,ramirez_dicionario_2001,,
496,,Kabiyari,see,ikhá,ikhá,i kh á,,,,
497,,Piapoco,see,icáca,icáca,i k á k a,,,,
498,,Resigaro,see,-tshení,-tshení,tsh e n í,,huber_vocabulario_1991,,
499,,Yukuna,see,amákaje,amákaje,a m á k a h e,,,,
500,,Achagua,seed,íimiʃi,íimiʃi,í i m i ʃ i,,melendez_lozano_diccionario_2011,,
501,,Baniwa,seed,-éekhe,-éekhe,é e kh e,,ramirez_dicionario_2001,,
502,,Kabiyari,seed,(ka ka)kitjihe,(ka ka)kitjihe,( k a _ k a ) k i t j i h e,,huber_vocabulario_1991,,
503,,Resigaro,seed,hímiú,hímiú,h í m i ú,,allin_vocabulario_1979,,
504,,Yukuna,seed,ijiji,ijiji,i j i j i,,schauer_diccionario_2005,,
505,,Warekena,seed,-ihina,-ihina,i h i n a,,ramirez_dicionario_2001,,
506,,Achagua,sit,wáairiu,wáairiu,w á a i r i u,,melendez_lozano_diccionario_2011,,
507,,Baniwa,sit,-oówhaa,-oówhaa,o ó wh aa,,ramirez_dicionario_2001,,
508,,Kabiyari,sit,tu(')na,tu(')na,t u ( ') n a,,,,
509,,Piapoco,sit,awinacawa,awinacawa,a w i n a k a w a,,,,
510,,Resigaro,sit,ítshú,ítshú,í tsʰ ú,,,,
511,,Resigaro,sit,i?tsháká,i?tsháká,i ʔ tsʰ á k á,,,,
512,,Yukuna,sit,yá'akajo,yá'akajo,j á ʔ a k a h o,,,,
513,,Yukuna,sit,yá'akaje,yá'akaje,y á 'a k a j e,,,,
514,,Achagua,skin,íimanaʃi,íimanaʃi,í i m a n a ʃ i,,melendez_lozano_diccionario_2011,,
515,,Baniwa,skin,-ya,-ya,y a,,ramirez_dicionario_2001,,
516,,Kabiyari,skin,íʔa-mi,íʔa-mi,í ʔ a m i,,,,
517,,Piapoco,skin,ímami,ímami,í m a m i,,,,
518,,Resigaro,skin,eémú,eémú,e é m ú,,,,
519,,Yukuna,skin,ímaji,ímaji,í m a h i,,,,
520,,Achagua,sleep,máairi,máairi,m á a i r i,,melendez_lozano_diccionario_2011,,
521,,Baniwa,sleep,-ímaa,-ímaa,í m aa,,ramirez_dicionario_2001,,
522,,Kabiyari,sleep,imáa,imáa,i m á a,,,,
523,,Piapoco,sleep,imáca,imáca,i m á k a,,,,
524,,Resigaro,sleep,ímú,ímú,í m ú,,,,
525,,Yukuna,sleep,kamátakajo,kamátakajo,k a m á t a k a h o,,,,
526,,Achagua,small,píituituu,píituituu,p i: t u i t u:,,melendez_lozano_diccionario_2011,,
527,,Baniwa,small,tsúu,tsúu,ts ú u,,ramirez_dicionario_2001,,
528,,Kabiyari,small,karitʃhũĩ,karitʃhũĩ,k a r i tʃh ũ ĩ,,,,
529,,Piapoco,small,achúméeri,achúméeri,a tʃ ú m é: ɾ i,,,,
530,,Resigaro,small,karitʃhũĩ,karitʃhũĩ,k a r i tʃh ũ ĩ,,,,
531,,Yukuna,small,kamu'ujini,kamu'ujini,k a m u 'u j i n i,,schauer_diccionario_2005,,
532,,Achagua,smoke,íisaninaa,íisaninaa,í i s a n i n aa,,melendez_lozano_diccionario_2011,,
533,,Baniwa,smoke,íitta,íitta,í i tt a,,ramirez_dicionario_2001,,
534,,Kabiyari,smoke,ít̪a-ri,ít̪a-ri,í t̪ a r i,,,,
535,,Resigaro,smoke,iítshú,iítshú,i í tsʰ ú,,,,
536,,Yukuna,smoke,ija,ija,i h a,,,,
537,,Achagua,stand,bárueriu,bárueriu,b a r u e r i u,,melendez_lozano_diccionario_2011,,
538,,Baniwa,stand,-éema,-éema,é e m a,,ramirez_dicionario_2001,,
539,,Kabiyari,stand,patʃha,patʃha,p a tʃh a,,,,
540,,Piapoco,stand,bàlùanícawa,bàlùanícawa,b à l ù a n í c a w a,,,,
541,,Resigaro,stand,-i?tóṇú,-i?tóṇú,i ? t ó ṇ ú,,huber_vocabulario_1991,,
542,,Yukuna,stand,tára'akajo,tára'akajo,t á r a 'a k a j o,,schauer_diccionario_2005,,
543,,Achagua,star,sáalii,sáalii,s á a l ii,,melendez_lozano_diccionario_2011,,
544,,Baniwa,star,hiwírhi,hiwírhi,h i w í rh i,,ramirez_dicionario_2001,,
545,,Kabiyari,star,wirínhu,wirínhu,w i r í nh u,,,,
546,,Piapoco,star,dùlupùta,dùlupùta,d ù l u p ù t a,,,,
547,,Resigaro,star,hivíigí,hivíigí,h i v í i g í,,,,
548,,Yukuna,star,iwijrí,iwijrí,i w i h ɾ í,,,,
549,,Achagua,stone,íiba,íiba,í i b a,,melendez_lozano_diccionario_2011,,
550,,Baniwa,stone,hiipada,hiipada,h ii p a d a,,ramirez_dicionario_2001,,
551,,Kabiyari,stone,híipa,híipa,h í i p a,,,,
552,,Piapoco,stone,íba,íba,í b a,,,,
553,,Resigaro,stone,vííši?óú,vííši?óú,v íí š i ? ó ú,,allin_vocabulario_1979,,
554,,Yukuna,stone,jipa,jipa,h i p a,,,,
555,,Achagua,sun,káiwia,káiwia,k á i w i a,,melendez_lozano_diccionario_2011,,
556,,Baniwa,sun,kámoi,kámoi,k á m o i,,ramirez_dicionario_2001,,
557,,Kabiyari,sun,abe,abe,a b e,,,,
558,,Kabiyari,sun,eri,eri,e r i,,,,
559,,Piapoco,sun,èeri,èeri,è e r i,,,,
560,,Resigaro,sun,há?í,há?í,h á ʔ í,,,,
561,,Yukuna,sun,kamú,kamú,k a m ú,,,,
562,,Achagua,swim,jámareriu,jámareriu,j á m a r e r i u,,melendez_lozano_diccionario_2011,,
563,,Baniwa,swim,-aaxaa,-aaxaa,aa ʃ aa,,ramirez_dicionario_2001,,
564,,Baniwa,swim,-aanhi,-aanhi,aa nh i,,ramirez_dicionario_2001,,
565,,Kabiyari,swim,awápa,awápa,a w á p a,,,,
566,,Piapoco,swim,màlacawa,màlacawa,m à l a k a w a,,,,
567,,Resigaro,swim,o?vápú,o?vápú,o ʔ v á p ú,,,,
568,,Yukuna,swim,i'iwapakaje,i'iwapakaje,i ʔ i w a p a k a h e,,,,
569,,Achagua,tail,íiʃiʃi,íiʃiʃi,í i ʃ i ʃ i,,melendez_lozano_diccionario_2011,,
570,,Baniwa,tail,-iittípi,-iittípi,ii tt í p i,,ramirez_dicionario_2001,,
571,,Kabiyari,tail,t̪ipi,t̪ipi,t̪ i p i,,,,
572,,Kabiyari,tail,muuku,muuku,m uu k u,,,,
573,,Piapoco,tail,yàapusài,yàapusài,j à a p u s à i,,,,
574,,Resigaro,tail,tshíipí,tshíipí,tsʰ í i p í,,,,
575,,Tariana,tail,di-číma,di-číma,d i tʃ í m a,,,,
576,,Tariana,tail,di-sipí,di-sipí,d i s i p í,,,,
577,,Yukuna,tail,jipiji,jipiji,h i p i h i,,,,
578,,Achagua,that,liára,liára,l i á r a,,melendez_lozano_diccionario_2011,,
579,,Achagua,that,ruára,ruára,r u á r a,,melendez_lozano_diccionario_2011,,
580,,Baniwa,that,lhiera(ha),lhiera(ha),lh i e r a h a,,ramirez_dicionario_2001,,
581,,Kabiyari,that,ja-ta,ja-ta,j a t a,,,,
582,,Kabiyari,that,ja-ra,ja-ra,j a r a,,,,
583,,Piapoco,that,yáara,yáara,j á: ɾ a,,,,
584,,Resigaro,that,aí,aí,a í,,,,
585,,Yukuna,that,marí,marí,m a ɾ í,,,,
586,,Warekena,that,-la,-la,l a,,ramirez_dicionario_2001,,
587,,Warekena,that,-di,-di,d i,,ramirez_dicionario_2001,,
588,,Warekena,that,-ni,-ni,n i,,ramirez_dicionario_2001,,
589,,Achagua,this,liáni,liáni,l i á n i,,melendez_lozano_diccionario_2011,,
590,,Achagua,this,ruani,ruani,r u a n i,,melendez_lozano_diccionario_2011,,
591,,Achagua,this,náani,náani,n á a n i,,melendez_lozano_diccionario_2011,,
592,,Baniwa,this,Ihíehe,Ihíehe,Ih í e h e,,ramirez_dicionario_2001,,
593,,Kabiyari,this,do?ó,do?ó,d o ? ó,,,,
594,,Piapoco,this,yái,yái,j á i,,,,
595,,Piapoco,this,úái,úái,ú á i,,,,
596,,Resigaro,this,gi?í,gi?í,g i ? í,,,,
597,,Resigaro,this,do?ó,do?ó,d o ʔ ó,,,,
598,,Tariana,this,hĩ,hĩ,h ĩ,,,,
599,,Yukuna,this,kele,kele,k e l e,,,,
600,,Warekena,this,-ti,-ti,t i,,ramirez_dicionario_2001,,
601,,Achagua,thouyou,ijá,ijá,i j á,,melendez_lozano_diccionario_2011,,
602,,Baniwa,thouyou,hía,hía,h í a,,ramirez_dicionario_2001,,
603,,Baniwa,thouyou,você,você,v o c ê,,ramirez_dicionario_2001,,
604,,Kabiyari,thouyou,phé,phé,ph é,,,,
605,,Kabiyari,thouyou,pi-,pi-,p i,,,,
606,,Piapoco,thouyou,pía,pía,p í a,,,,
607,,Resigaro,thouyou,ha?,ha?,h a ʔ á,,,,
608,,Resigaro,thouyou,phá,phá,pʰ á,,,,
609,,Resigaro,thouyou,phú,phú,pʰ ú,,,,
610,,Tariana,thouyou,piha,piha,p i h a,,,,
611,,Tariana,thouyou,piha,piha,pʰ i a,,,,
612,,Tariana,thouyou,iha,iha,i h a,,,,
613,,Yukuna,thouyou,iká,iká,i k á,,,,
614,,Yukuna,thouyou,piká,piká,p i k á,,,,
615,,Achagua,tongue,ínaneeʃi,ínaneeʃi,í n a n ee ʃ i,,melendez_lozano_diccionario_2011,,
616,,Baniwa,tongue,-eenene,-eenene,ee n e n e,,ramirez_dicionario_2001,,
617,,Kabiyari,tongue,nenipá,nenipá,n e n i p á,,,,
618,,Piapoco,tongue,nène,nène,n è n e,,,,
619,,Resigaro,tongue,e?héepé,e?héepé,e ʔh é e p é,,,,
620,,Yukuna,tongue,lenaji,lenaji,l e n a h i,,,,
621,,Achagua,tooth,éeʃi,éeʃi,é e ʃ i,,melendez_lozano_diccionario_2011,,
622,,Baniwa,tooth,-eetsha,-eetsha,ee tsh a,,ramirez_dicionario_2001,,
623,,Baniwa,tooth,-dzawiere,-dzawiere,dz a w i e r e,,ramirez_dicionario_2001,,
624,,Baniwa,tooth,-ee,-ee,ee,,ramirez_dicionario_2001,,
625,,Baniwa,tooth,-kako,-kako,k a k o,,ramirez_dicionario_2001,,
626,,Baniwa,tooth,-likoe,-likoe,l i k o e,,ramirez_dicionario_2001,,
627,,Kabiyari,tooth,ʔía,ʔía,ʔ í a,,,,
628,,Piapoco,tooth,yèi,yèi,j è i,,,,
629,,Resigaro,tooth,oné,oné,o n é,,,,
630,,Yukuna,tooth,aijí,aijí,a i h í,,,,
631,,Achagua,treewood,áikuba,áikuba,á i k u b a,,melendez_lozano_diccionario_2011,,
632,,Baniwa,treewood,haiko,haiko,h a i k o,,ramirez_dicionario_2001,,
633,,Kabiyari,treewood,ʔahaa,ʔahaa,ʔ a h aa,,,,
634,,Piapoco,treewood,jéetaná,jéetaná,j é e t a n á,,,,
635,,Piapoco,treewood,àiku,àiku,à i k u,,,,
636,,Resigaro,treewood,aváana?é,aváana?é,a v á a n a ʔ é,,,,
637,,Yukuna,treewood,a'awaná,a'awaná,a ʔ a w a n á,,,,
638,,Achagua,two,tʃámai,tʃámai,tʃ á m a i,,melendez_lozano_diccionario_2011,,
639,,Baniwa,two,dzama-,dzama-,dz a m a,,ramirez_dicionario_2001,,
640,,Kabiyari,two,tʃumaa-,tʃumaa-,tʃ u m aa,,,,
641,,Piapoco,two,pucháiba,pucháiba,p u tʃ á i b a,,,,
642,,Resigaro,two,migaakú,migaakú,m i g aa k ú,,,,
643,,Yukuna,two,iyamá,iyamá,i j a m á,,,,
644,,Warekena,two,dama-,dama-,d a m a,,ramirez_dicionario_2001,,
645,,Achagua,walk,híneriu,híneriu,h í n e r i u,,melendez_lozano_diccionario_2011,,
646,,Baniwa,walk,-áanhi,-áanhi,á a nh i,,ramirez_dicionario_2001,,
647,,Baniwa,walk,-eemánhi,-eemánhi,ee m á nh i,,ramirez_dicionario_2001,,
648,,Kabiyari,walk,aa,aa,aa,,,,
649,,Piapoco,walk,nuèpunícawa,nuèpunícawa,n u è p u n í k a w a,,,,
650,,Resigaro,walk,-hí?vu,-hí?vu,h í ? v u,,allin_vocabulario_1979,,
651,,Yukuna,walk,ja'apákaje,ja'apákaje,j a 'a p á k a j e,,schauer_diccionario_2005,,
652,,Achagua,water,ʃiátai,ʃiátai,ʃ i á t a i,,melendez_lozano_diccionario_2011,,
653,,Baniwa,water,óoni,óoni,ó o n i,,ramirez_dicionario_2001,,
654,,Kabiyari,water,úuni,úuni,ú u n i,,,,
655,,Piapoco,water,ú(u)ni,ú(u)ni,ú ( u ) n i,,,,
656,,Resigaro,water,hooní,hooní,h oo n í,,,,
657,,Yukuna,water,juni,juni,h ú n i,,,,
658,,Achagua,we,wajá,wajá,w a j á,,melendez_lozano_diccionario_2011,,
659,,Baniwa,we,whía,whía,wh í a,,ramirez_dicionario_2001,,
660,,Baniwa,we,wa-,wa-,w a,,ramirez_dicionario_2001,,
661,,Kabiyari,we,whé,whé,wh é,,,,
662,,Kabiyari,we,wa-,wa-,w a,,,,
663,,Piapoco,we,wía,wía,w í a,,,,
664,,Resigaro,we,muu?á,muu?á,m uu ʔ á,,,,
665,,Resigaro,we,fa?á,fa?á,f a ʔ á,,,,
666,,Tariana,we,w(a)ha,w(a)ha,w ( a )h a,,,,
667,,Yukuna,we,weká,weká,w e k á,,,,
668,,Yukuna,we,weká,weká,w e k á,,,,
669,,Warekena,we,wa-,wa-,w a,,ramirez_dicionario_2001,,
670,,Warekena,we,-wi,-wi,w i,,ramirez_dicionario_2001,,
671,,Achagua,what,tána,tána,t á n a,,melendez_lozano_diccionario_2011,,
672,,Baniwa,what,kôaka?,kôaka?,k ô a k a ?,,ramirez_dicionario_2001,,
673,,Kabiyari,what,mikha,mikha,m i kh a,,,,
674,,Kabiyari,what,arhi,arhi,a rh i,,,,
675,,Kabiyari,what,umha,umha,u mh a,,,,
676,,Piapoco,what,càiná,càiná,k à i n á,,,,
677,,Piapoco,what,cawiná,cawiná,_ k a w i n á,,,,
678,,Resigaro,what,keeni,keeni,k ee n i,,ramirez_dicionario_2001,,
679,,Resigaro,what,kooni,kooni,k oo n i,,ramirez_dicionario_2001,,
680,,Yukuna,what,na,na,n a,,,,
681,,Achagua,white,kabálai,kabálai,k a b á l a i,,melendez_lozano_diccionario_2011,,
682,,Baniwa,white,hále,hále,h á l e,,ramirez_dicionario_2001,,
683,,Baniwa,white,yalanawi,yalanawi,y a l a n a w i,,ramirez_dicionario_2001,,
684,,Kabiyari,white,katare:i-ri,katare:i-ri,k a t a r e: i r i,,,,
685,,Kabiyari,white,jarane,jarane,j a r a n e,,,,
686,,Piapoco,white,cabalèeri,cabalèeri,k a b a l è e ɾ i,,,,
687,,Yukuna,white,jareni,jareni,j a r e n i,,schauer_diccionario_2005,,
688,,Achagua,who,tána,tána,t á n a,,melendez_lozano_diccionario_2011,,
689,,Baniwa,who,kóaka,kóaka,k ó a k a,,ramirez_dicionario_2001,,
690,,Kabiyari,who,mikha,mikha,m i kh a,,,,
691,,Kabiyari,who,arhi,arhi,a rh i,,,,
692,,Kabiyari,who,umha,umha,u mh a,,,,
693,,Piapoco,who,càiná,càiná,k à i n á,,,,
694,,Piapoco,who,cawiná,cawiná,k a w i n á,,,,
695,,Resigaro,who,kéení,kéení,k é e n í,,huber_vocabulario_1991,,
696,,Tariana,who,kwana,kwana,k w a n a,,,,
697,,Yukuna,who,najlo,najlo,n a h l o,,,,
698,,Achagua,woman,íinetoo,íinetoo,í i n e t oo,,melendez_lozano_diccionario_2011,,
699,,Achagua,woman,íina,íina,í i n a,,melendez_lozano_diccionario_2011,,
700,,Baniwa,woman,íinaro,íinaro,í i n a r o,,ramirez_dicionario_2001,,
701,,Kabiyari,woman,nanáwí,nanáwí,n a n á w í,,,,
702,,Piapoco,woman,inanái,inanái,i n a n á i,,,,
703,,Resigaro,woman,ináadó,ináadó,i n á a d ó,,,,
704,,Yukuna,woman,inanaru,inanaru,i n a n a ɾ u,,,,
705,,Achagua,yellow,meréekii,meréekii,m e r ee k ii,,melendez_lozano_diccionario_2011,,
706,,Baniwa,yellow,éewa,éewa,é e w a,,ramirez_dicionario_2001,,
707,,Kabiyari,yellow,karawa-ri,karawa-ri,k a r a w a r i,,,,
708,,Piapoco,yellow,é(e)wa,é(e)wa,é ( e ) w a,,,,
709,,Piapoco,yellow,éewéeri,éewéeri,é: w é: ɾ i,,,,
710,,Resigaro,yellow,dogíiga?é?,dogíiga?é?,d o g í i g a ʔ é ʔ,,,,
711,,Yukuna,yellow,jewani,jewani,j e w a n i,,schauer_diccionario_2005,,
